name,email
Trevor Kelly,langosh.salma@gmail.com
Caroline Cameron,hubert.turner@hotmail.com
Sam Jackson,alexandra94@raynor.com
Megan Hughes,aliza94@hotmail.com
Christopher Ross,dkozey@hotmail.com
Dorothy Hemmings,carlotta.grady@gmail.com
Stephen Sanderson,lucile38@yahoo.com
Rachel Abraham,liliane.paucek@yahoo.com
Sally Bower,dgutmann@gmail.com
Keith Grant,kwalter@dubuque.com
Alexandra MacDonald,santa.russel@hintz.info
Richard White,fabian.keeling@gmail.com
Leah Wilkins,mparisian@gmail.com
Faith Bailey,xavier.roob@hotmail.com
Connor Manning,zgutmann@gmail.com
Jennifer Poole,ralph.hackett@bartell.com
Kimberly Hardacre,moses44@reilly.com
Victor Vaughan,umcdermott@hotmail.com
Peter May,jedediah96@yahoo.com
Donna Piper,jaydon14@hotmail.com
Lauren Quinn,donnelly.bryon@gmail.com
Connor Clarkson,jimmie.hoeger@yahoo.com
Jacob Hodges,dedric.dickens@runte.com
Simon Peters,xkihn@yahoo.com
Gabrielle Dowd,hudson62@hotmail.com
Molly Quinn,grunolfsdottir@ebert.com
Dan Paterson,dpaucek@yahoo.com
Nathan Duncan,isaac63@pfannerstill.org
Piers Arnold,howard08@little.com
Emily Lambert,kevon.stracke@hand.com
Elizabeth Dyer,elody.haley@grant.com
Keith Fraser,hilpert.corine@hegmann.com
Connor Walsh,magali.mclaughlin@hotmail.com
Jan Henderson,riley94@wiza.com
Rebecca Walsh,berniece.schiller@langworth.com
Trevor Hodges,albertha.okuneva@hotmail.com
Jan Nash,tyrique90@deckow.com
Tim Gibson,nkirlin@yahoo.com
John Paterson,caterina.bergnaum@powlowski.com
Austin Powell,wbarton@gmail.com
Gordon Glover,wiley.green@yahoo.com
Nathan Rampling,ekuvalis@weber.biz
Evan Springer,rwyman@harber.com
Lucas Rutherford,bwilliamson@hotmail.com
Lucas Nolan,xcole@hotmail.com
Boris Buckland,ashleigh.prohaska@gmail.com
Bernadette McGrath,tkuphal@ledner.biz
Hannah Walker,marilyne.sanford@kerluke.biz
Paul Bell,douglas.randal@howell.com
Dominic Simpson,halie.schmidt@damore.com
Warren Terry,kaci09@beahan.info
Jessica Kelly,landen29@rosenbaum.com
Austin Alsop,farrell.camila@damore.com
Theresa Campbell,flatley.cassandra@gmail.com
Donna Hudson,madonna.stroman@simonis.com
Jacob Pullman,blanda.isabel@konopelski.com
Matt Peake,iyundt@gaylord.biz
Stephanie Sutherland,anika.gaylord@gorczany.com
Julia Wallace,billy.hessel@hotmail.com
Trevor Walker,rhiannon01@kunze.com
Joe Alsop,aurore42@gmail.com
Tracey Newman,ernesto37@hodkiewicz.com
Carol Scott,gerson.paucek@yahoo.com
Leonard MacDonald,koepp.ignatius@hane.info
Amy Payne,rreichert@kerluke.com
Jasmine Bell,elwin03@gmail.com
Peter Tucker,yvette62@mitchell.com
Rose Fisher,carolyn.mclaughlin@reichel.com
Amelia Pullman,sid36@gmail.com
Sean Manning,rosenbaum.thomas@yahoo.com
Cameron Grant,ryan.dan@yahoo.com
Chloe Morrison,bauer@mitchell.com
Ella Brown,ronny64@dare.com
Ryan Walker,qluettgen@brakus.com
Dylan Bond,evalyn31@gmail.com
Edward Blake,jledner@moen.com
Alison Mitchell,braun.richard@turner.com
Alexander Taylor,finn11@labadie.com
Stephen Kelly,nratke@leannon.com
Austin Wilson,dbecker@harris.info
Hannah Bond,glenda76@kiehn.biz
Brian White,willard38@hotmail.com
Olivia Ross,bashirian.tiara@oconnell.com
Audrey James,westley.kuhic@medhurst.com
Brandon Springer,reilly62@huels.biz
Sonia Jones,beatty.abby@nikolaus.com
Stephen Martin,howe.kylie@padberg.com
Virginia MacLeod,runte.hallie@yahoo.com
Matt Howard,maxie.beer@metz.net
Grace Wright,ndaugherty@friesen.com
Irene Powell,xking@yahoo.com
Karen White,ngoyette@yahoo.com
Brian Brown,amber.tromp@hotmail.com
Christian Wright,nelda.kohler@gmail.com
Anne Carr,lillian.parker@gmail.com
Alison Paige,boconnell@runte.net
Carol Rees,ratke.keira@gmail.com
Sarah Pullman,ptremblay@nienow.com
Rachel Mills,block.tobin@yahoo.com
Yvonne Rees,destiney.heidenreich@kunze.com
